Model,Status,R²,RMSE,MAE,Precision,Recall,F1_Score,Prediction_Stability,Accuracy_1σ,CV_R²,Overfitting_Gap,Train_Score
Random Forest,Before Tuning,0.448741154848077,0.5488630394653159,0.3936127062317885,0.5669291338582677,0.8925619834710744,0.6934189406099518,0.33092270124490697,0.87,0.41668454771701785,0.09433672514143276,0.5430778799895097
Gradient Boost,Before Tuning,0.46806295056410663,0.539158331707635,0.3835109917418148,0.567965367965368,0.9035812672176309,0.6975013290802764,0.2716406767282943,0.88,0.42489424202760995,0.17161318902831157,0.6396761395924182
XGBoost,Before Tuning,0.4643598373179856,0.5410317691778799,0.3852894132602085,0.563922942206655,0.8870523415977961,0.6895074946466809,0.273121454688101,0.87625,0.42605424691604804,0.1673589610136299,0.6317187983316155
Random Forest (Optimized),After Tuning,0.46024034409355496,0.5431082638113358,0.38990116910170974,0.5699115044247788,0.8870523415977961,0.6939655172413793,0.3074794203794239,0.869375,0.4207410102859372,0.12293719860588226,0.5831775426994372
